Judul Berita,Link
Pengacara Politikus PKS Terjerat KDRT Sebut Pelapor Pernah Depresi,https://www.cnnindonesia.com/nasional/20230523103830-12-952808/pengacara-politikus-pks-terjerat-kdrt-sebut-pelapor-pernah-depresi
"Dialami Megan Fox, Apa Itu Body Dysmorphobia?",https://www.cnnindonesia.com/gaya-hidup/20230522154341-255-952513/dialami-megan-fox-apa-itu-body-dysmorphobia
"Viral, Kebanyakan Makan Jengkol Disebut Bikin Gagal Ginjal",https://www.cnnindonesia.com/gaya-hidup/20230522130942-255-952431/viral-kebanyakan-makan-jengkol-disebut-bikin-gagal-ginjal
"Flu Burung Merebak, Brasil Berlakukan Darurat Kesehatan Hewan 180 Hari",https://www.cnnindonesia.com/internasional/20230523050846-134-952706/flu-burung-merebak-brasil-berlakukan-darurat-kesehatan-hewan-180-hari
5 Tanda Bahaya Otak Menua Lebih Cepat dari Usiamu,https://www.cnnindonesia.com/gaya-hidup/20230522151840-255-952487/5-tanda-bahaya-otak-menua-lebih-cepat-dari-usiamu
Apakah Pengidap Kanker Payudara Tetap Bisa Menyusui?,https://www.cnnindonesia.com/gaya-hidup/20230516132049-255-950229/apakah-pengidap-kanker-payudara-tetap-bisa-menyusui
PM Singapura Positif Covid-19 usai Kunjungan ke Afrika Selatan,https://www.cnnindonesia.com/internasional/20230522152714-106-952506/pm-singapura-positif-covid-19-usai-kunjungan-ke-afrika-selatan
Bocah SD di Sukabumi Tewas Diduga Dianiaya Teman Sekolah,https://www.cnnindonesia.com/nasional/20230521192345-12-952161/bocah-sd-di-sukabumi-tewas-diduga-dianiaya-teman-sekolah
Erick Thohir Kirim Dokter ke Rumah Kurnia Meiga,https://www.cnnindonesia.com/olahraga/20230521163618-142-952127/erick-thohir-kirim-dokter-ke-rumah-kurnia-meiga
Ahli Rekomendasikan Skrining Kanker Payudara di Usia 40 Tahun,https://www.cnnindonesia.com/gaya-hidup/20230510132547-255-947722/ahli-rekomendasikan-skrining-kanker-payudara-di-usia-40-tahun
"Doa Minum Air Zam-Zam: Arab, Latin, dan Artinya",https://www.cnnindonesia.com/edukasi/20230517090355-569-950643/doa-minum-air-zam-zam-arab-latin-dan-artinya
Arti Syafakillah dan Syafakallah beserta Cara Menjawabnya,https://www.cnnindonesia.com/edukasi/20230517152136-569-950869/arti-syafakillah-dan-syafakallah-beserta-cara-menjawabnya
Kecemasan Akan Krisis Iklim Disebut Bisa Berpengaruh Pada Seks,https://www.cnnindonesia.com/gaya-hidup/20230516063545-277-950028/kecemasan-akan-krisis-iklim-disebut-bisa-berpengaruh-pada-seks
Happy Bee-day: 6 Fakta Unik Soal Lebah yang Tak Banyak Diketahui,https://www.cnnindonesia.com/gaya-hidup/20230520125312-284-951814/happy-bee-day-6-fakta-unik-soal-lebah-yang-tak-banyak-diketahui
Studi Ungkap Cuaca Panas Terus-menerus Bisa Bikin Gangguan Jiwa,https://www.cnnindonesia.com/teknologi/20230520082709-199-951760/studi-ungkap-cuaca-panas-terus-menerus-bisa-bikin-gangguan-jiwa
"6 Makanan Terbaik Saat Masuk Angin, Bikin Cepat Sembuh",https://www.cnnindonesia.com/gaya-hidup/20230519172320-261-951638/6-makanan-terbaik-saat-masuk-angin-bikin-cepat-sembuh
"Sejarah Kebangkitan Nasional, Cikal Bakal Lahirnya Boedi Oetomo",https://www.cnnindonesia.com/edukasi/20230516143138-569-950305/sejarah-kebangkitan-nasional-cikal-bakal-lahirnya-boedi-oetomo
Negara Bagian di India Paksa Polisi Diet atau Dipecat,https://www.cnnindonesia.com/internasional/20230519131516-113-951482/negara-bagian-di-india-paksa-polisi-diet-atau-dipecat
Dinkes DKI Jakarta: Ada 99 Terduga Polio Sejak Awal 2023,https://www.cnnindonesia.com/nasional/20230519121938-20-951436/dinkes-dki-jakarta-ada-99-terduga-polio-sejak-awal-2023
8 Penyebab Motor Matic Tak Mau Distarter,https://www.cnnindonesia.com/otomotif/20230516121911-600-950188/8-penyebab-motor-matic-tak-mau-distarter
"Doa Minum Air Zam-Zam: Arab, Latin, dan Artinya",https://www.cnnindonesia.com/edukasi/20230517090355-569-950643/doa-minum-air-zam-zam-arab-latin-dan-artinya
Arti Syafakillah dan Syafakallah beserta Cara Menjawabnya,https://www.cnnindonesia.com/edukasi/20230517152136-569-950869/arti-syafakillah-dan-syafakallah-beserta-cara-menjawabnya
Kecemasan Akan Krisis Iklim Disebut Bisa Berpengaruh Pada Seks,https://www.cnnindonesia.com/gaya-hidup/20230516063545-277-950028/kecemasan-akan-krisis-iklim-disebut-bisa-berpengaruh-pada-seks
Happy Bee-day: 6 Fakta Unik Soal Lebah yang Tak Banyak Diketahui,https://www.cnnindonesia.com/gaya-hidup/20230520125312-284-951814/happy-bee-day-6-fakta-unik-soal-lebah-yang-tak-banyak-diketahui
Studi Ungkap Cuaca Panas Terus-menerus Bisa Bikin Gangguan Jiwa,https://www.cnnindonesia.com/teknologi/20230520082709-199-951760/studi-ungkap-cuaca-panas-terus-menerus-bisa-bikin-gangguan-jiwa
"6 Makanan Terbaik Saat Masuk Angin, Bikin Cepat Sembuh",https://www.cnnindonesia.com/gaya-hidup/20230519172320-261-951638/6-makanan-terbaik-saat-masuk-angin-bikin-cepat-sembuh
"Sejarah Kebangkitan Nasional, Cikal Bakal Lahirnya Boedi Oetomo",https://www.cnnindonesia.com/edukasi/20230516143138-569-950305/sejarah-kebangkitan-nasional-cikal-bakal-lahirnya-boedi-oetomo
Negara Bagian di India Paksa Polisi Diet atau Dipecat,https://www.cnnindonesia.com/internasional/20230519131516-113-951482/negara-bagian-di-india-paksa-polisi-diet-atau-dipecat
Dinkes DKI Jakarta: Ada 99 Terduga Polio Sejak Awal 2023,https://www.cnnindonesia.com/nasional/20230519121938-20-951436/dinkes-dki-jakarta-ada-99-terduga-polio-sejak-awal-2023
8 Penyebab Motor Matic Tak Mau Distarter,https://www.cnnindonesia.com/otomotif/20230516121911-600-950188/8-penyebab-motor-matic-tak-mau-distarter
5 Minuman Penderita Gerd yang Disarankan,https://www.cnnindonesia.com/gaya-hidup/20230519095331-262-951367/5-minuman-penderita-gerd-yang-disarankan
Miliarder Srichand Hinduja dari Inggris Meninggal Dunia di Usia 87,https://www.cnnindonesia.com/ekonomi/20230518212437-92-951291/miliarder-srichand-hinduja-dari-inggris-meninggal-dunia-di-usia-87
Kisah Pria AS yang Pernah Hidup Tanpa Jantung Selama Sebulan,https://www.cnnindonesia.com/gaya-hidup/20230516152027-255-950346/kisah-pria-as-yang-pernah-hidup-tanpa-jantung-selama-sebulan
Kenali Faktor Risiko Penyebab Sifilis pada Laki-laki,https://www.cnnindonesia.com/gaya-hidup/20230515142424-255-949746/kenali-faktor-risiko-penyebab-sifilis-pada-laki-laki
Doa setelah Membaca Surat Al Kahfi Lengkap Latin dan Artinya,https://www.cnnindonesia.com/edukasi/20230511152920-569-948355/doa-setelah-membaca-surat-al-kahfi-lengkap-latin-dan-artinya
"90 Persen Hepatitis B Ditularkan Ibu ke Anak, Bagaimana Mencegahnya?",https://www.cnnindonesia.com/gaya-hidup/20230517195704-255-951033/90-persen-hepatitis-b-ditularkan-ibu-ke-anak-bagaimana-mencegahnya
Kemenkes Mau Pangan Lokal Gantikan Biskuit Balita dan Ibu Hamil,https://www.cnnindonesia.com/nasional/20230517210613-20-951050/kemenkes-mau-pangan-lokal-gantikan-biskuit-balita-dan-ibu-hamil
"Populer karena Andien, Apa Itu Teknik Pernapasan Buteyko?",https://www.cnnindonesia.com/gaya-hidup/20230517135608-255-950807/populer-karena-andien-apa-itu-teknik-pernapasan-buteyko
"6 Cara Tes HIV di Rumah Sakit, Ada Antigen dan PCR",https://www.cnnindonesia.com/gaya-hidup/20230517080200-255-950619/6-cara-tes-hiv-di-rumah-sakit-ada-antigen-dan-pcr
Wanti-wanti Kemenkes: 90 Persen Hepatitis B Ditularkan Ibu ke Anak,https://www.cnnindonesia.com/nasional/20230516183922-20-950458/wanti-wanti-kemenkes-90-persen-hepatitis-b-ditularkan-ibu-ke-anak
Mengenal Hepatitis A Seperti yang Dialami Rapper Big Naughty,https://www.cnnindonesia.com/gaya-hidup/20230517072922-255-950598/mengenal-hepatitis-a-seperti-yang-dialami-rapper-big-naughty
8 Minuman Enak Pendamping Sarapan yang Efektif Turunkan Berat Badan,https://www.cnnindonesia.com/gaya-hidup/20230516202558-262-950498/8-minuman-enak-pendamping-sarapan-yang-efektif-turunkan-berat-badan
Inggris Deteksi 2 Pekerja Peternakan Unggas Positif Flu Burung,https://www.cnnindonesia.com/internasional/20230517013218-134-950550/inggris-deteksi-2-pekerja-peternakan-unggas-positif-flu-burung
Setengah Populasi Ternak di Luwu Timur Mati Gegara Flu Babi Afrika,https://www.cnnindonesia.com/nasional/20230517000053-20-950532/setengah-populasi-ternak-di-luwu-timur-mati-gegara-flu-babi-afrika
Kementan Pede Demam Babi Tak Separah Penyakit Mulut dan Kuku,https://www.cnnindonesia.com/ekonomi/20230516171914-92-950418/kementan-pede-demam-babi-tak-separah-penyakit-mulut-dan-kuku
WHO Tak Sarankan Pemanis Buatan untuk Diet Sehat,https://www.cnnindonesia.com/gaya-hidup/20230516143720-255-950309/who-tak-sarankan-pemanis-buatan-untuk-diet-sehat
"Masih 21 Tahun, Bek Thailand Pensiun Usai Final Lawan Indonesia",https://www.cnnindonesia.com/olahraga/20230516152915-142-950350/masih-21-tahun-bek-thailand-pensiun-usai-final-lawan-indonesia
"Ramai di Sulsel, Apakah Flu Babi Afrika Bisa Menular ke Manusia?",https://www.cnnindonesia.com/gaya-hidup/20230516101704-255-950146/ramai-di-sulsel-apakah-flu-babi-afrika-bisa-menular-ke-manusia
Jamie Foxx Disebut Masih Dirawat dengan Dikelilingi Keluarga,https://www.cnnindonesia.com/hiburan/20230516095601-234-950139/jamie-foxx-disebut-masih-dirawat-dengan-dikelilingi-keluarga
Posisi Tidur yang Baik untuk Berbagai Kondisi: Gerd Sampai Awet Muda,https://www.cnnindonesia.com/gaya-hidup/20230516094516-255-950134/posisi-tidur-yang-baik-untuk-berbagai-kondisi-gerd-sampai-awet-muda
